grade,grade_rarity
Consumer,0.486317562
Industrial,0.041139524
Mil-spec,0.28290161
Restricted,0.083733991
Classified,0.029328913
Covert,0.0765784
