stattrak	stattrak_rarity
0	0.953679012
1	0.046320988
